;S1;S2;S3;S4
0;0;0;0;0
1;1830.146361;1186.518553;381.4195516;397.851552
2;1830.146361;1186.518553;381.4195516;397.851552
3;1963.593009;1271.964914;395.6634683;576.1064941
4;1963.593009;1271.964914;395.6634683;576.1064941
5;1963.593009;1271.964914;395.6634683;576.1064941
6;1963.593009;1271.964914;395.6634683;576.1064941
7;1650.569997;1214.903406;411.9667586;936.4090367
8;1650.569997;1214.903406;411.9667586;936.4090367
9;1650.569997;1214.903406;411.9667586;936.4090367
10;1650.569997;1214.903406;411.9667586;936.4090367
11;1337.546984;1157.841899;428.2700488;1296.711579
12;1337.546984;1157.841899;428.2700488;1296.711579
13;1337.546984;1157.841899;428.2700488;1296.711579
14;1337.546984;1157.841899;428.2700488;1296.711579
15;1105.122255;910.8557665;392.7031627;2103.895643
16;1105.122255;910.8557665;392.7031627;2103.895643
17;1105.122255;910.8557665;392.7031627;2103.895643
18;1105.122255;910.8557665;392.7031627;2103.895643
19;874.4308224;659.7852335;356.0207888;2920.690062
20;874.4308224;659.7852335;356.0207888;2920.690062
21;874.4308224;659.7852335;356.0207888;2920.690062
22;874.4308224;659.7852335;356.0207888;2920.690062
23;704.9024292;583.1426497;341.9913845;3320.669628
24;704.9024292;583.1426497;341.9913845;3320.669628
25;704.9024292;583.1426497;341.9913845;3320.669628
26;704.9024292;583.1426497;341.9913845;3320.669628
27;606.2675591;708.6779162;354.2188313;3237.522886
28;606.2675591;708.6779162;354.2188313;3237.522886
29;606.2675591;708.6779162;354.2188313;3237.522886
30;606.2675591;708.6779162;354.2188313;3237.522886
31;507.632689;834.2131827;366.4462782;3154.376144
32;507.632689;834.2131827;366.4462782;3154.376144
33;507.632689;834.2131827;366.4462782;3154.376144
34;507.632689;834.2131827;366.4462782;3154.376144
35;950.3526065;887.1559532;340.0607087;3616.445468
36;950.3526065;887.1559532;340.0607087;3616.445468
37;950.3526065;887.1559532;340.0607087;3616.445468
38;950.3526065;887.1559532;340.0607087;3616.445468
39;1423.14779;936.0658073;311.5299716;4108.804573
40;1423.14779;936.0658073;311.5299716;4108.804573
41;1423.14779;936.0658073;311.5299716;4108.804573
42;1423.14779;936.0658073;311.5299716;4108.804573
43;1522.323235;931.5008895;304.1076907;3952.43036
44;1522.323235;931.5008895;304.1076907;3952.43036
45;1522.323235;931.5008895;304.1076907;3952.43036
46;1522.323235;931.5008895;304.1076907;3952.43036
47;1129.414145;856.5057844;324.4867909;2941.626899
48;1129.414145;856.5057844;324.4867909;2941.626899
49;1129.414145;856.5057844;324.4867909;2941.626899
50;1129.414145;856.5057844;324.4867909;2941.626899
51;736.5050552;781.5106793;344.8658912;1930.823437
52;736.5050552;781.5106793;344.8658912;1930.823437
53;736.5050552;781.5106793;344.8658912;1930.823437
54;736.5050552;781.5106793;344.8658912;1930.823437
55;1097.579846;1082.761013;354.0472244;1503.797571
56;1097.579846;1082.761013;354.0472244;1503.797571
57;1097.579846;1082.761013;354.0472244;1503.797571
58;1097.579846;1082.761013;354.0472244;1503.797571
59;1527.986489;1418.608629;362.1988779;1130.452403
60;1527.986489;1418.608629;362.1988779;1130.452403
61;1527.986489;1418.608629;362.1988779;1130.452403
62;1527.986489;1418.608629;362.1988779;1130.452403
63;2341.846321;1489.690943;362.1988779;862.1003752
64;2341.846321;1489.690943;362.1988779;862.1003752
65;2341.846321;1489.690943;362.1988779;862.1003752
66;2341.846321;1489.690943;362.1988779;862.1003752
67;3730.885939;1163.625305;349.9713977;751.2380583
68;3730.885939;1163.625305;349.9713977;751.2380583
69;3730.885939;1163.625305;349.9713977;751.2380583
70;3730.885939;1163.625305;349.9713977;751.2380583
71;5119.925558;837.5596666;337.7439175;640.3757413
72;5119.925558;837.5596666;337.7439175;640.3757413
73;5119.925558;837.5596666;337.7439175;640.3757413
74;5119.925558;837.5596666;337.7439175;640.3757413
75;4913.886392;694.5712926;410.568118;659.253233
76;4913.886392;694.5712926;410.568118;659.253233
77;4913.886392;694.5712926;410.568118;659.253233
78;4913.886392;694.5712926;410.568118;659.253233
79;4498.967861;575.5573222;494.5300386;695.1204616
80;4498.967861;575.5573222;494.5300386;695.1204616
81;4498.967861;575.5573222;494.5300386;695.1204616
82;4498.967861;575.5573222;494.5300386;695.1204616
83;3737.175558;510.6016115;713.3372488;759.8187509
84;3737.175558;510.6016115;713.3372488;759.8187509
85;3737.175558;510.6016115;713.3372488;759.8187509
86;3737.175558;510.6016115;713.3372488;759.8187509
87;2380.742504;538.3172032;1163.307813;873.9417159
88;2380.742504;538.3172032;1163.307813;873.9417159
89;2380.742504;538.3172032;1163.307813;873.9417159
90;2380.742504;538.3172032;1163.307813;873.9417159
91;1024.309449;566.032795;1613.278376;988.0646808
92;1024.309449;566.032795;1613.278376;988.0646808
93;1024.309449;566.032795;1613.278376;988.0646808
94;1024.309449;566.032795;1613.278376;988.0646808
95;708.343278;632.6703129;1760.908887;2322.668498
96;708.343278;632.6703129;1760.908887;2322.668498
97;708.343278;632.6703129;1760.908887;2322.668498
98;708.343278;632.6703129;1760.908887;2322.668498
99;572.2108887;706.0350773;1856.283093;3868.219622
100;572.2108887;706.0350773;1856.283093;3868.219622
101;572.2108887;706.0350773;1856.283093;3868.219622
102;572.2108887;706.0350773;1856.283093;3868.219622
103;488.5235725;723.9343619;1943.69443;4716.333511
104;488.5235725;723.9343619;1943.69443;4716.333511
105;488.5235725;723.9343619;1943.69443;4716.333511
106;488.5235725;723.9343619;1943.69443;4716.333511
107;508.0874941;632.6359833;2015.42887;4191.367842
108;508.0874941;632.6359833;2015.42887;4191.367842
109;508.0874941;632.6359833;2015.42887;4191.367842
110;508.0874941;632.6359833;2015.42887;4191.367842
111;527.6514157;541.3376046;2087.163311;3666.402173
112;527.6514157;541.3376046;2087.163311;3666.402173
113;527.6514157;541.3376046;2087.163311;3666.402173
114;527.6514157;541.3376046;2087.163311;3666.402173
115;513.7507232;498.228295;2178.976533;2865.687935
116;513.7507232;498.228295;2178.976533;2865.687935
117;513.7507232;498.228295;2178.976533;2865.687935
118;513.7507232;498.228295;2178.976533;2865.687935
119;492.5564609;465.6217312;2275.165901;2004.874651
120;492.5564609;465.6217312;2275.165901;2004.874651
121;492.5564609;465.6217312;2275.165901;2004.874651
122;492.5564609;465.6217312;2275.165901;2004.874651
123;485.5460532;439.9826778;2335.522365;1317.751382
124;485.5460532;439.9826778;2335.522365;1317.751382
125;485.5460532;439.9826778;2335.522365;1317.751382
126;485.5460532;439.9826778;2335.522365;1317.751382
127;510.8161422;430.200717;2314.328086;1025.922632
128;510.8161422;430.200717;2314.328086;1025.922632
129;510.8161422;430.200717;2314.328086;1025.922632
130;510.8161422;430.200717;2314.328086;1025.922632
131;536.0862313;420.4187562;2293.133807;734.0938816
132;536.0862313;420.4187562;2293.133807;734.0938816
133;536.0862313;420.4187562;2293.133807;734.0938816
134;536.0862313;420.4187562;2293.133807;734.0938816
135;517.594886;392.6173588;2011.301556;605.7269874
136;517.594886;392.6173588;2011.301556;605.7269874
137;517.594886;392.6173588;2011.301556;605.7269874
138;517.594886;392.6173588;2011.301556;605.7269874
139;487.4338249;360.0107783;1659.965846;520.9499215
140;487.4338249;360.0107783;1659.965846;520.9499215
141;487.4338249;360.0107783;1659.965846;520.9499215
142;487.4338249;360.0107783;1659.965846;520.9499215
143;469.54312;345.2520102;1429.548995;512.4722161
144;469.54312;345.2520102;1429.548995;512.4722161
145;469.54312;345.2520102;1429.548995;512.4722161
146;469.54312;345.2520102;1429.548995;512.4722161
147;484.2160529;377.8585907;1520.032195;706.4812749
148;484.2160529;377.8585907;1520.032195;706.4812749
149;484.2160529;377.8585907;1520.032195;706.4812749
150;484.2160529;377.8585907;1520.032195;706.4812749
151;498.8889857;410.4651712;1610.515395;900.4903338
152;498.8889857;410.4651712;1610.515395;900.4903338
153;498.8889857;410.4651712;1610.515395;900.4903338
154;498.8889857;410.4651712;1610.515395;900.4903338
155;550.6304649;507.3238185;1251.233976;958.5814992
156;550.6304649;507.3238185;1251.233976;958.5814992
157;550.6304649;507.3238185;1251.233976;958.5814992
158;550.6304649;507.3238185;1251.233976;958.5814992
159;614.2132851;624.7074315;748.277748;973.2544488
160;614.2132851;624.7074315;748.277748;973.2544488
161;614.2132851;624.7074315;748.277748;973.2544488
162;614.2132851;624.7074315;748.277748;973.2544488
163;652.3372361;719.9872346;365.1163118;1158.442566
164;652.3372361;719.9872346;365.1163118;1158.442566
165;652.3372361;719.9872346;365.1163118;1158.442566
166;652.3372361;719.9872346;365.1163118;1158.442566
167;610.7638568;746.0725024;356.9646583;1877.417293
168;610.7638568;746.0725024;356.9646583;1877.417293
169;610.7638568;746.0725024;356.9646583;1877.417293
170;610.7638568;746.0725024;356.9646583;1877.417293
171;569.1904775;772.1577701;348.8130048;2596.392021
172;569.1904775;772.1577701;348.8130048;2596.392021
173;569.1904775;772.1577701;348.8130048;2596.392021
174;569.1904775;772.1577701;348.8130048;2596.392021
175;518.1440333;711.8012998;352.5026885;2962.495089
176;518.1440333;711.8012998;352.5026885;2962.495089
177;518.1440333;711.8012998;352.5026885;2962.495089
178;518.1440333;711.8012998;352.5026885;2962.495089
179;463.5280285;618.8725805;360.6543253;3195.632025
180;463.5280285;618.8725805;360.6543253;3195.632025
181;463.5280285;618.8725805;360.6543253;3195.632025
182;463.5280285;618.8725805;360.6543253;3195.632025
183;420.2385205;540.0161702;365.3736939;3344.678346
184;420.2385205;540.0161702;365.3736939;3344.678346
185;420.2385205;540.0161702;365.3736939;3344.678346
186;420.2385205;540.0161702;365.3736939;3344.678346
187;419.4233751;513.9309192;357.2220572;3178.384862
188;419.4233751;513.9309192;357.2220572;3178.384862
189;419.4233751;513.9309192;357.2220572;3178.384862
190;419.4233751;513.9309192;357.2220572;3178.384862
191;418.6082298;487.8456681;349.0704204;3012.091378
192;418.6082298;487.8456681;349.0704204;3012.091378
193;418.6082298;487.8456681;349.0704204;3012.091378
194;418.6082298;487.8456681;349.0704204;3012.091378
195;473.859197;440.2400936;352.24528;2933.011892
196;473.859197;440.2400936;352.24528;2933.011892
197;473.859197;440.2400936;352.24528;2933.011892
198;473.859197;440.2400936;352.24528;2933.011892
199;553.7452741;383.1786195;360.3969335;2892.253708
200;553.7452741;383.1786195;360.3969335;2892.253708
201;553.7452741;383.1786195;360.3969335;2892.253708
202;553.7452741;383.1786195;360.3969335;2892.253708
203;621.6698885;339.2455739;373.6540843;2780.893725
204;621.6698885;339.2455739;373.6540843;2780.893725
205;621.6698885;339.2455739;373.6540843;2780.893725
206;621.6698885;339.2455739;373.6540843;2780.893725
207;634.7124974;355.5488475;410.3364581;2345.596078
208;634.7124974;355.5488475;410.3364581;2345.596078
209;634.7124974;355.5488475;410.3364581;2345.596078
210;634.7124974;355.5488475;410.3364581;2345.596078
211;647.7551062;371.852121;447.018832;1910.29843
212;647.7551062;371.852121;447.018832;1910.29843
213;647.7551062;371.852121;447.018832;1910.29843
214;647.7551062;371.852121;447.018832;1910.29843
215;618.0917179;389.2365568;471.808399;2051.261752
216;618.0917179;389.2365568;471.808399;2051.261752
217;618.0917179;389.2365568;471.808399;2051.261752
218;618.0917179;389.2365568;471.808399;2051.261752
219;566.7363945;407.1701544;490.5571753;2484.929059
220;566.7363945;407.1701544;490.5571753;2484.929059
221;566.7363945;407.1701544;490.5571753;2484.929059
222;566.7363945;407.1701544;490.5571753;2484.929059
223;629.5040426;420.0583208;496.5722285;2795.824072
224;629.5040426;420.0583208;496.5722285;2795.824072
225;629.5040426;420.0583208;496.5722285;2795.824072
226;629.5040426;420.0583208;496.5722285;2795.824072
227;1352.554597;403.7550639;428.9135981;2396.39367
228;1352.554597;403.7550639;428.9135981;2396.39367
229;1352.554597;403.7550639;428.9135981;2396.39367
230;1352.554597;403.7550639;428.9135981;2396.39367
231;2075.605152;387.4518071;361.2549678;1996.963267
232;2075.605152;387.4518071;361.2549678;1996.963267
233;2075.605152;387.4518071;361.2549678;1996.963267
234;2075.605152;387.4518071;361.2549678;1996.963267
235;1964.614121;385.5640573;346.6249189;1686.085422
236;1964.614121;385.5640573;346.6249189;1686.085422
237;1964.614121;385.5640573;346.6249189;1686.085422
238;1964.614121;385.5640573;346.6249189;1686.085422
239;1367.098833;392.0853534;362.9282091;1426.863236
240;1367.098833;392.0853534;362.9282091;1426.863236
241;1367.098833;392.0853534;362.9282091;1426.863236
242;1367.098833;392.0853534;362.9282091;1426.863236
243;831.1241451;471.2849655;373.5682531;1169.340023
244;831.1241451;471.2849655;373.5682531;1169.340023
245;831.1241451;471.2849655;373.5682531;1169.340023
246;831.1241451;471.2849655;373.5682531;1169.340023
247;765.0958555;1105.482627;340.9616893;924.7907857
248;765.0958555;1105.482627;340.9616893;924.7907857
249;765.0958555;1105.482627;340.9616893;924.7907857
250;765.0958555;1105.482627;340.9616893;924.7907857
251;699.0675659;1739.680289;308.3551255;680.2415488
252;699.0675659;1739.680289;308.3551255;680.2415488
253;699.0675659;1739.680289;308.3551255;680.2415488
254;699.0675659;1739.680289;308.3551255;680.2415488
255;895.1960492;1819.240308;349.60243;555.0323504
256;895.1960492;1819.240308;349.60243;555.0323504
257;895.1960492;1819.240308;349.60243;555.0323504
258;895.1960492;1819.240308;349.60243;555.0323504
259;1266.095715;1529.041899;440.0856466;509.3831778
260;1266.095715;1529.041899;440.0856466;509.3831778
261;1266.095715;1529.041899;440.0856466;509.3831778
262;1266.095715;1529.041899;440.0856466;509.3831778
263;1615.303434;1252.435278;566.1958248;470.0493796
264;1615.303434;1252.435278;566.1958248;470.0493796
265;1615.303434;1252.435278;566.1958248;470.0493796
266;1615.303434;1252.435278;566.1958248;470.0493796
267;1728.611237;1123.639364;1079.749209;499.3952787
268;1728.611237;1123.639364;1079.749209;499.3952787
269;1728.611237;1123.639364;1079.749209;499.3952787
270;1728.611237;1123.639364;1079.749209;499.3952787
271;1841.91904;994.8434492;1593.302593;528.7411778
272;1841.91904;994.8434492;1593.302593;528.7411778
273;1841.91904;994.8434492;1593.302593;528.7411778
274;1841.91904;994.8434492;1593.302593;528.7411778
275;1560.447166;950.3783889;1504.029245;543.259671
276;1560.447166;950.3783889;1504.029245;543.259671
277;1560.447166;950.3783889;1504.029245;543.259671
278;1560.447166;950.3783889;1504.029245;543.259671
279;979.2351686;969.9423105;957.0541181;546.520319
280;979.2351686;969.9423105;957.0541181;546.520319
281;979.2351686;969.9423105;957.0541181;546.520319
282;979.2351686;969.9423105;957.0541181;546.520319
283;431.7881263;986.7604171;441.3984565;547.721606
284;431.7881263;986.7604171;441.3984565;547.721606
285;431.7881263;986.7604171;441.3984565;547.721606
286;431.7881263;986.7604171;441.3984565;547.721606
287;492.1102819;954.1538533;489.4931652;511.8543942
288;492.1102819;954.1538533;489.4931652;511.8543942
289;492.1102819;954.1538533;489.4931652;511.8543942
290;492.1102819;954.1538533;489.4931652;511.8543942
291;552.4324374;921.5472894;537.5878739;475.9871823
292;552.4324374;921.5472894;537.5878739;475.9871823
293;552.4324374;921.5472894;537.5878739;475.9871823
294;552.4324374;921.5472894;537.5878739;475.9871823
295;563.304148;868.8104695;509.9752597;441.8704236
296;563.304148;868.8104695;509.9752597;441.8704236
297;563.304148;868.8104695;509.9752597;441.8704236
298;563.304148;868.8104695;509.9752597;441.8704236
299;531.5127295;798.7063699;417.0465236;409.2638598
300;531.5127295;798.7063699;417.0465236;409.2638598
301;531.5127295;798.7063699;417.0465236;409.2638598
302;531.5127295;798.7063699;417.0465236;409.2638598
303;501.4031238;730.490018;326.4174095;377.6869772
304;501.4031238;730.490018;326.4174095;377.6869772
305;501.4031238;730.490018;326.4174095;377.6869772
306;501.4031238;730.490018;326.4174095;377.6869772
307;549.4978159;750.0539396;342.7207165;393.9902674
308;549.4978159;750.0539396;342.7207165;393.9902674
309;549.4978159;750.0539396;342.7207165;393.9902674
310;549.4978159;750.0539396;342.7207165;393.9902674
311;597.5925079;769.6178612;359.0240234;410.2935577
312;597.5925079;769.6178612;359.0240234;410.2935577
313;597.5925079;769.6178612;359.0240234;410.2935577
314;597.5925079;769.6178612;359.0240234;410.2935577
315;617.2680023;808.1279231;352.6743313;440.6004985
316;617.2680023;808.1279231;352.6743313;440.6004985
317;617.2680023;808.1279231;352.6743313;440.6004985
318;617.2680023;808.1279231;352.6743313;440.6004985
319;609.1163655;865.1894139;324.1435775;484.6193471
320;609.1163655;865.1894139;324.1435775;484.6193471
321;609.1163655;865.1894139;324.1435775;484.6193471
322;609.1163655;865.1894139;324.1435775;484.6193471
323;600.9647287;922.2509047;295.6128237;528.6381957
324;600.9647287;922.2509047;295.6128237;528.6381957
325;600.9647287;922.2509047;295.6128237;528.6381957
326;600.9647287;922.2509047;295.6128237;528.6381957
327;624.2698309;692.1687061;327.5758368;485.5460597
328;624.2698309;692.1687061;327.5758368;485.5460597
329;624.2698309;692.1687061;327.5758368;485.5460597
330;624.2698309;692.1687061;327.5758368;485.5460597
331;647.9095792;459.0317874;360.1824006;441.5272111
332;647.9095792;459.0317874;360.1824006;441.5272111
333;647.9095792;459.0317874;360.1824006;441.5272111
334;647.9095792;459.0317874;360.1824006;441.5272111
335;672.7077235;375.7134369;400.5115677;430.7155596
336;672.7077235;375.7134369;400.5115677;430.7155596
337;672.7077235;375.7134369;400.5115677;430.7155596
338;672.7077235;375.7134369;400.5115677;430.7155596
339;698.7929746;458.8601621;449.4214051;456.800794
340;698.7929746;458.8601621;449.4214051;456.800794
341;698.7929746;458.8601621;449.4214051;456.800794
342;698.7929746;458.8601621;449.4214051;456.800794
343;724.8782256;542.0068873;498.3312424;482.8860283
344;724.8782256;542.0068873;498.3312424;482.8860283
345;724.8782256;542.0068873;498.3312424;482.8860283
346;724.8782256;542.0068873;498.3312424;482.8860283
347;721.2915156;529.8909821;441.8275053;444.9422882
348;721.2915156;529.8909821;441.8275053;444.9422882
349;721.2915156;529.8909821;441.8275053;444.9422882
350;721.2915156;529.8909821;441.8275053;444.9422882
351;716.4005436;513.5877085;380.6902044;404.1840876
352;716.4005436;513.5877085;380.6902044;404.1840876
353;716.4005436;513.5877085;380.6902044;404.1840876
354;716.4005436;513.5877085;380.6902044;404.1840876
355;740.7010185;515.3038426;344.7800889;402.3478311
356;740.7010185;515.3038426;344.7800889;402.3478311
357;740.7010185;515.3038426;344.7800889;402.3478311
358;740.7010185;515.3038426;344.7800889;402.3478311
359;801.8383194;539.7587529;340.7042789;449.6273611
360;801.8383194;539.7587529;340.7042789;449.6273611
361;801.8383194;539.7587529;340.7042789;449.6273611
362;801.8383194;539.7587529;340.7042789;449.6273611
363;862.9756203;564.2136632;336.6284688;496.9068912
364;862.9756203;564.2136632;336.6284688;496.9068912
365;862.9756203;564.2136632;336.6284688;496.9068912
366;862.9756203;564.2136632;336.6284688;496.9068912
367;847.0927813;652.0969441;321.2261508;455.0846759
368;847.0927813;652.0969441;321.2261508;455.0846759
369;847.0927813;652.0969441;321.2261508;455.0846759
370;847.0927813;652.0969441;321.2261508;455.0846759
371;825.0833403;745.0256634;304.9228606;406.1748219
372;825.0833403;745.0256634;304.9228606;406.1748219
373;825.0833403;745.0256634;304.9228606;406.1748219
374;825.0833403;745.0256634;304.9228606;406.1748219
375;808.0936017;823.8992325;328.1078369;412.1469665
376;808.0936017;823.8992325;328.1078369;412.1469665
377;808.0936017;823.8992325;328.1078369;412.1469665
378;808.0936017;823.8992325;328.1078369;412.1469665
379;798.3116409;882.5910474;407.9939141;496.9240324
380;798.3116409;882.5910474;407.9939141;496.9240324
381;798.3116409;882.5910474;407.9939141;496.9240324
382;798.3116409;882.5910474;407.9939141;496.9240324
383;788.5296801;941.2828622;487.8799912;581.7010983
384;788.5296801;941.2828622;487.8799912;581.7010983
385;788.5296801;941.2828622;487.8799912;581.7010983
386;788.5296801;941.2828622;487.8799912;581.7010983
387;734.9862709;1020.396675;494.830341;514.7718358
388;734.9862709;1020.396675;494.830341;514.7718358
389;734.9862709;1020.396675;494.830341;514.7718358
390;734.9862709;1020.396675;494.830341;514.7718358
391;676.2944561;1101.913077;493.200017;429.9947699
392;676.2944561;1101.913077;493.200017;429.9947699
393;676.2944561;1101.913077;493.200017;429.9947699
394;676.2944561;1101.913077;493.200017;429.9947699
395;655.9067762;1058.014341;495.8943546;405.1451344
396;655.9067762;1058.014341;495.8943546;405.1451344
397;655.9067762;1058.014341;495.8943546;405.1451344
398;655.9067762;1058.014341;495.8943546;405.1451344
399;698.2953175;808.5741323;505.6763321;478.5098988
400;698.2953175;808.5741323;505.6763321;478.5098988
401;698.2953175;808.5741323;505.6763321;478.5098988
402;698.2953175;808.5741323;505.6763321;478.5098988
403;740.6838588;559.1339233;515.4583096;551.8746632
404;740.6838588;559.1339233;515.4583096;551.8746632
405;740.6838588;559.1339233;515.4583096;551.8746632
406;740.6838588;559.1339233;515.4583096;551.8746632
407;724.6723047;532.0361496;536.4981179;477.4802131
408;724.6723047;532.0361496;536.4981179;477.4802131
409;724.6723047;532.0361496;536.4981179;477.4802131
410;724.6723047;532.0361496;536.4981179;477.4802131
411;699.402199;540.1877864;559.3227042;379.6605217
412;699.402199;540.1877864;559.3227042;379.6605217
413;699.402199;540.1877864;559.3227042;379.6605217
414;699.402199;540.1877864;559.3227042;379.6605217
415;681.2111608;545.5078078;587.8105387;348.1008045
416;681.2111608;545.5078078;587.8105387;348.1008045
417;681.2111608;545.5078078;587.8105387;348.1008045
418;681.2111608;545.5078078;587.8105387;348.1008045
419;676.3201887;545.5078245;626.9384153;441.0295239
420;676.3201887;545.5078245;626.9384153;441.0295239
421;676.3201887;545.5078245;626.9384153;441.0295239
422;676.3201887;545.5078245;626.9384153;441.0295239
423;671.4292167;545.5078412;666.0662918;533.9582433
424;671.4292167;545.5078412;666.0662918;533.9582433
425;671.4292167;545.5078412;666.0662918;533.9582433
426;671.4292167;545.5078412;666.0662918;533.9582433
427;685.5186901;580.7572348;672.65625;569.9455846
428;685.5186901;580.7572348;672.65625;569.9455846
429;685.5186901;580.7572348;672.65625;569.9455846
430;685.5186901;580.7572348;672.65625;569.9455846
431;703.4523043;623.1457427;672.65625;594.4004949
432;703.4523043;623.1457427;672.65625;594.4004949
433;703.4523043;623.1457427;672.65625;594.4004949
434;703.4523043;623.1457427;672.65625;594.4004949
435;745.8408369;686.1278857;651.0329472;579.2126948
436;745.8408369;686.1278857;651.0329472;579.2126948
437;745.8408369;686.1278857;651.0329472;579.2126948
438;745.8408369;686.1278857;651.0329472;579.2126948
439;841.2150256;793.7295713;582.5591548;478.1323553
440;841.2150256;793.7295713;582.5591548;478.1323553
441;841.2150256;793.7295713;582.5591548;478.1323553
442;841.2150256;793.7295713;582.5591548;478.1323553
443;936.5892143;901.3312569;514.0853625;377.0520159
444;936.5892143;901.3312569;514.0853625;377.0520159
445;936.5892143;901.3312569;514.0853625;377.0520159
446;936.5892143;901.3312569;514.0853625;377.0520159
447;972.6194618;836.7702455;532.3450482;428.5703784
448;972.6194618;836.7702455;532.3450482;428.5703784
449;972.6194618;836.7702455;532.3450482;428.5703784
450;972.6194618;836.7702455;532.3450482;428.5703784
451;993.8137241;729.1685599;572.2881035;518.2384163
452;993.8137241;729.1685599;572.2881035;518.2384163
453;993.8137241;729.1685599;572.2881035;518.2384163
454;993.8137241;729.1685599;572.2881035;518.2384163
455;986.0482171;656.7819774;589.06333;559.7173947
456;986.0482171;656.7819774;589.06333;559.7173947
457;986.0482171;656.7819774;589.06333;559.7173947
458;986.0482171;656.7819774;589.06333;559.7173947
459;905.3469946;673.0852844;547.4899507;479.8313343
460;905.3469946;673.0852844;547.4899507;479.8313343
461;905.3469946;673.0852844;547.4899507;479.8313343
462;905.3469946;673.0852844;547.4899507;479.8313343
463;824.6457721;689.3885913;505.9165714;399.9452738
464;824.6457721;689.3885913;505.9165714;399.9452738
465;824.6457721;689.3885913;505.9165714;399.9452738
466;824.6457721;689.3885913;505.9165714;399.9452738
467;800.3195535;724.4835406;498.1682278;406.5009013
468;800.3195535;724.4835406;498.1682278;406.5009013
469;800.3195535;724.4835406;498.1682278;406.5009013
470;800.3195535;724.4835406;498.1682278;406.5009013
471;792.983062;765.2417245;500.6137305;439.1074484
472;792.983062;765.2417245;500.6137305;439.1074484
473;792.983062;765.2417245;500.6137305;439.1074484
474;792.983062;765.2417245;500.6137305;439.1074484
475;785.2346992;781.2875737;512.1204194;456.8865938
476;785.2346992;781.2875737;512.1204194;456.8865938
477;785.2346992;781.2875737;512.1204194;456.8865938
478;785.2346992;781.2875737;512.1204194;456.8865938
479;776.2678838;724.2260995;550.4331172;430.8013428
480;776.2678838;724.2260995;550.4331172;430.8013428
481;776.2678838;724.2260995;550.4331172;430.8013428
482;776.2678838;724.2260995;550.4331172;430.8013428
483;767.3010683;667.1646254;588.7458151;404.7160918
484;767.3010683;667.1646254;588.7458151;404.7160918
485;767.3010683;667.1646254;588.7458151;404.7160918
486;767.3010683;667.1646254;588.7458151;404.7160918
487;784.7627493;689.3885669;582.6106335;397.851552
488;784.7627493;689.3885669;582.6106335;397.851552
489;784.7627493;689.3885669;582.6106335;397.851552
490;784.7627493;689.3885669;582.6106335;397.851552
491;811.663179;739.9287283;560.6012091;397.851552
492;811.663179;739.9287283;560.6012091;397.851552
493;811.663179;739.9287283;560.6012091;397.851552
494;811.663179;739.9287283;560.6012091;397.851552
495;836.7616643;775.3325851;536.6096504;396.0496112
496;836.7616643;775.3325851;536.6096504;396.0496112
497;836.7616643;775.3325851;536.6096504;396.0496112
498;836.7616643;775.3325851;536.6096504;396.0496112
499;855.5104406;757.3989875;505.6334273;387.8979745
500;855.5104406;757.3989875;505.6334273;387.8979745
501;855.5104406;757.3989875;505.6334273;387.8979745
502;855.5104406;757.3989875;505.6334273;387.8979745
503;874.2592169;739.4653899;474.6572042;379.7463377
504;874.2592169;739.4653899;474.6572042;379.7463377
505;874.2592169;739.4653899;474.6572042;379.7463377
506;874.2592169;739.4653899;474.6572042;379.7463377
507;836.0923706;722.681588;470.1265999;414.1376831
508;836.0923706;722.681588;470.1265999;414.1376831
509;836.0923706;722.681588;470.1265999;414.1376831
510;836.0923706;722.681588;470.1265999;414.1376831
511;774.139891;706.3782978;476.6478959;466.3081851
512;774.139891;706.3782978;476.6478959;466.3081851
513;774.139891;706.3782978;476.6478959;466.3081851
514;774.139891;706.3782978;476.6478959;466.3081851
515;723.1535141;700.8866616;481.7791263;507.975943
516;723.1535141;700.8866616;481.7791263;507.975943
517;723.1535141;700.8866616;481.7791263;507.975943
518;723.1535141;700.8866616;481.7791263;507.975943
519;719.0776874;741.6448789;480.9639642;504.715295
520;719.0776874;741.6448789;480.9639642;504.715295
521;719.0776874;741.6448789;480.9639642;504.715295
522;719.0776874;741.6448789;480.9639642;504.715295
523;715.0018606;782.4030962;480.1488022;501.4546469
524;715.0018606;782.4030962;480.1488022;501.4546469
525;715.0018606;782.4030962;480.1488022;501.4546469
526;715.0018606;782.4030962;480.1488022;501.4546469
527;680.7220688;780.3265713;492.5135565;445.4743224
528;680.7220688;780.3265713;492.5135565;445.4743224
529;680.7220688;780.3265713;492.5135565;445.4743224
530;680.7220688;780.3265713;492.5135565;445.4743224
531;631.8122315;757.5019683;511.2623328;363.9579045
532;631.8122315;757.5019683;511.2623328;363.9579045
533;631.8122315;757.5019683;511.2623328;363.9579045
534;631.8122315;757.5019683;511.2623328;363.9579045
535;598.3476085;755.013565;529.3675601;308.1835107
536;598.3476085;755.013565;529.3675601;308.1835107
537;598.3476085;755.013565;529.3675601;308.1835107
538;598.3476085;755.013565;529.3675601;308.1835107
539;647.2574626;860.9848932;544.0405264;389.6999119
540;647.2574626;860.9848932;544.0405264;389.6999119
541;647.2574626;860.9848932;544.0405264;389.6999119
542;647.2574626;860.9848932;544.0405264;389.6999119
543;696.1673167;966.9562214;558.7134926;471.2163131
544;696.1673167;966.9562214;558.7134926;471.2163131
545;696.1673167;966.9562214;558.7134926;471.2163131
546;696.1673167;966.9562214;558.7134926;471.2163131
547;692.2116192;887.6364631;539.3640636;458.5169223
548;692.2116192;887.6364631;539.3640636;458.5169223
549;692.2116192;887.6364631;539.3640636;458.5169223
550;692.2116192;887.6364631;539.3640636;458.5169223
551;658.7898767;705.0397058;501.0513324;393.3038113
552;658.7898767;705.0397058;501.0513324;393.3038113
553;658.7898767;705.0397058;501.0513324;393.3038113
554;658.7898767;705.0397058;501.0513324;393.3038113
555;629.1779567;548.8027832;467.1662327;339.4171873
556;629.1779567;548.8027832;467.1662327;339.4171873
557;629.1779567;548.8027832;467.1662327;339.4171873
558;629.1779567;548.8027832;467.1662327;339.4171873
559;625.9173086;574.8880509;463.9055846;363.8720976
560;625.9173086;574.8880509;463.9055846;363.8720976
561;625.9173086;574.8880509;463.9055846;363.8720976
562;625.9173086;574.8880509;463.9055846;363.8720976
563;622.6566606;600.9733187;460.6449366;388.327008
564;622.6566606;600.9733187;460.6449366;388.327008
565;622.6566606;600.9733187;460.6449366;388.327008
566;622.6566606;600.9733187;460.6449366;388.327008
567;599.986515;574.3045806;439.4678347;382.9211857
568;599.986515;574.3045806;439.4678347;382.9211857
569;599.986515;574.3045806;439.4678347;382.9211857
570;599.986515;574.3045806;439.4678347;382.9211857
571;564.9344484;513.982425;406.8612709;358.4662754
572;564.9344484;513.982425;406.8612709;358.4662754
573;564.9344484;513.982425;406.8612709;358.4662754
574;564.9344484;513.982425;406.8612709;358.4662754
575;529.6507059;461.2284257;378.8882722;344.3596559
576;529.6507059;461.2284257;378.8882722;344.3596559
577;529.6507059;461.2284257;378.8882722;344.3596559
578;529.6507059;461.2284257;378.8882722;344.3596559
579;492.15317;480.792364;395.1915625;429.1367051
580;492.15317;480.792364;395.1915625;429.1367051
581;492.15317;480.792364;395.1915625;429.1367051
582;492.15317;480.792364;395.1915625;429.1367051
583;454.6556341;500.3563023;411.4948527;513.9137543
584;454.6556341;500.3563023;411.4948527;513.9137543
585;454.6556341;500.3563023;411.4948527;513.9137543
586;454.6556341;500.3563023;411.4948527;513.9137543
587;447.3620635;497.2672594;399.481902;505.2472731
588;447.3620635;497.2672594;399.481902;505.2472731
589;447.3620635;497.2672594;399.481902;505.2472731
590;447.3620635;497.2672594;399.481902;505.2472731
591;462.0350131;477.7033211;366.8753215;428.6218607
592;462.0350131;477.7033211;366.8753215;428.6218607
593;462.0350131;477.7033211;366.8753215;428.6218607
594;462.0350131;477.7033211;366.8753215;428.6218607
595;474.3911811;461.0224895;337.3577855;355.8062665
596;474.3911811;461.0224895;337.3577855;355.8062665
597;474.3911811;461.0224895;337.3577855;355.8062665
598;474.3911811;461.0224895;337.3577855;355.8062665
599;452.3817568;487.1077406;353.6610757;339.5029763
600;452.3817568;487.1077406;353.6610757;339.5029763
601;452.3817568;487.1077406;353.6610757;339.5029763
602;452.3817568;487.1077406;353.6610757;339.5029763
603;430.3723325;513.1929916;369.964366;323.199686
604;430.3723325;513.1929916;369.964366;323.199686
605;430.3723325;513.1929916;369.964366;323.199686
606;430.3723325;513.1929916;369.964366;323.199686
607;419.9639689;525;361.7269255;333.6681053
608;419.9639689;525;361.7269255;333.6681053
609;419.9639689;525;361.7269255;333.6681053
610;419.9639689;525;361.7269255;333.6681053
611;419.1487902;525;333.1961884;366.2746692
612;419.1487902;525;333.1961884;366.2746692
613;419.1487902;525;333.1961884;366.2746692
614;419.1487902;525;333.1961884;366.2746692
615;418.8741947;525;305.9525519;396.5644509
616;418.8741947;525;305.9525519;396.5644509
617;418.8741947;525;305.9525519;396.5644509
618;418.8741947;525;305.9525519;396.5644509
619;435.177485;525;318.1799987;355.8062503
620;435.177485;525;318.1799987;355.8062503
621;435.177485;525;318.1799987;355.8062503
622;435.177485;525;318.1799987;355.8062503
623;451.4807752;525;330.4074455;315.0480498
624;451.4807752;525;330.4074455;315.0480498
625;451.4807752;525;330.4074455;315.0480498
626;451.4807752;525;330.4074455;315.0480498
627;442.5568776;516.5909345;325.8167872;320.5396879
628;442.5568776;516.5909345;325.8167872;320.5396879
629;442.5568776;516.5909345;325.8167872;320.5396879
630;442.5568776;516.5909345;325.8167872;320.5396879
631;409.9503138;500.2876443;305.4377036;369.4495419
632;409.9503138;500.2876443;305.4377036;369.4495419
633;409.9503138;500.2876443;305.4377036;369.4495419
634;409.9503138;500.2876443;305.4377036;369.4495419
635;377.34375;483.984354;285.05862;418.359396
636;377.34375;483.984354;285.05862;418.359396
637;377.34375;483.984354;285.05862;418.359396
638;377.34375;483.984354;285.05862;418.359396
639;387.59763;315.820344;367.089828;586.523448
640;387.59763;315.820344;367.089828;586.523448
641;387.59763;315.820344;367.089828;586.523448
642;387.59763;315.820344;367.089828;586.523448
643;424.2800372;315.8203273;342.6349177;987.5841745
644;424.2800372;315.8203273;342.6349177;987.5841745
645;424.2800372;315.8203273;342.6349177;987.5841745
646;424.2800372;315.8203273;342.6349177;987.5841745
647;460.9624445;315.8203106;318.1800073;1388.644901
648;460.9624445;315.8203106;318.1800073;1388.644901
649;460.9624445;315.8203106;318.1800073;1388.644901
650;460.9624445;315.8203106;318.1800073;1388.644901
651;486.9876325;315.820302;309.5135303;1409.993621
652;486.9876325;315.820302;309.5135303;1409.993621
653;486.9876325;315.820302;309.5135303;1409.993621
654;486.9876325;315.820302;309.5135303;1409.993621
655;501.6605654;315.820302;317.6651671;1026.866509
656;501.6605654;315.820302;317.6651671;1026.866509
657;501.6605654;315.820302;317.6651671;1026.866509
658;501.6605654;315.820302;317.6651671;1026.866509
659;516.3334982;315.820302;325.8168039;643.7393969
660;516.3334982;315.820302;325.8168039;643.7393969
661;516.3334982;315.820302;325.8168039;643.7393969
662;516.3334982;315.820302;325.8168039;643.7393969
663;475.7469144;355.2914177;314.2328909;614.2733564
664;475.7469144;355.2914177;314.2328909;614.2733564
665;475.7469144;355.2914177;314.2328909;614.2733564
666;475.7469144;355.2914177;314.2328909;614.2733564
667;433.3583898;396.049635;302.0054274;596.3397421
668;433.3583898;396.049635;302.0054274;596.3397421
669;433.3583898;396.049635;302.0054274;596.3397421
670;433.3583898;396.049635;302.0054274;596.3397421
671;400.5630576;403.600628;297.1573403;610.1374572
672;400.5630576;403.600628;297.1573403;610.1374572
673;400.5630576;403.600628;297.1573403;610.1374572
674;400.5630576;403.600628;297.1573403;610.1374572
675;379.3687953;370.9940475;301.2331504;662.3079426
676;379.3687953;370.9940475;301.2331504;662.3079426
677;379.3687953;370.9940475;301.2331504;662.3079426
678;379.3687953;370.9940475;301.2331504;662.3079426
679;358.174533;338.387467;305.3089604;714.478428
680;358.174533;338.387467;305.3089604;714.478428
681;358.174533;338.387467;305.3089604;714.478428
682;358.174533;338.387467;305.3089604;714.478428
683;375.9279472;351.6017128;301.7479895;621.5497318
684;375.9279472;351.6017128;301.7479895;621.5497318
685;375.9279472;351.6017128;301.7479895;621.5497318
686;375.9279472;351.6017128;301.7479895;621.5497318
687;396.3070475;367.905003;297.6721795;518.8390683
688;396.3070475;367.905003;297.6721795;518.8390683
689;396.3070475;367.905003;297.6721795;518.8390683
690;396.3070475;367.905003;297.6721795;518.8390683
691;397.8086626;367.0469386;309.0415795;473.7905387
692;397.8086626;367.0469386;309.0415795;473.7905387
693;397.8086626;367.0469386;309.0415795;473.7905387
694;397.8086626;367.0469386;309.0415795;473.7905387
695;373.3537356;342.5920116;341.6481433;508.0274433
696;373.3537356;342.5920116;341.6481433;508.0274433
697;373.3537356;342.5920116;341.6481433;508.0274433
698;373.3537356;342.5920116;341.6481433;508.0274433
699;348.8988086;318.1370846;374.2547071;542.2643478
700;348.8988086;318.1370846;374.2547071;542.2643478
701;348.8988086;318.1370846;374.2547071;542.2643478
702;348.8988086;318.1370846;374.2547071;542.2643478
703;398.2376914;323.1996936;373.6540693;545.5078289
704;398.2376914;323.1996936;373.6540693;545.5078289
705;398.2376914;323.1996936;373.6540693;545.5078289
706;398.2376914;323.1996936;373.6540693;545.5078289
707;455.2991822;331.351347;369.5782593;545.5078122
708;455.2991822;331.351347;369.5782593;545.5078122
709;455.2991822;331.351347;369.5782593;545.5078122
710;455.2991822;331.351347;369.5782593;545.5078122
711;473.6275027;329.9784435;351.215617;546.1427703
712;473.6275027;329.9784435;351.215617;546.1427703
713;473.6275027;329.9784435;351.215617;546.1427703
714;473.6275027;329.9784435;351.215617;546.1427703
715;431.2389614;313.6751532;310.4573997;547.7730943
716;431.2389614;313.6751532;310.4573997;547.7730943
717;431.2389614;313.6751532;310.4573997;547.7730943
718;431.2389614;313.6751532;310.4573997;547.7730943
719;388.8504201;297.371863;269.6991824;549.4034183
720;388.8504201;297.371863;269.6991824;549.4034183
721;388.8504201;297.371863;269.6991824;549.4034183
722;388.8504201;297.371863;269.6991824;549.4034183
723;396.3156169;323.80034;288.7654363;546.7605773
724;396.3156169;323.80034;288.7654363;546.7605773
725;396.3156169;323.80034;288.7654363;546.7605773
726;396.3156169;323.80034;288.7654363;546.7605773
727;410.9885832;356.4069038;316.4810114;543.4999293
728;410.9885832;356.4069038;316.4810114;543.4999293
729;410.9885832;356.4069038;316.4810114;543.4999293
730;410.9885832;356.4069038;316.4810114;543.4999293
731;414.283568;362.1731142;327.8589878;523.9016766
732;414.283568;362.1731142;327.8589878;523.9016766
733;414.283568;362.1731142;327.8589878;523.9016766
734;414.283568;362.1731142;327.8589878;523.9016766
735;397.1651158;319.7845729;309.9253902;474.9918393
736;397.1651158;319.7845729;309.9253902;474.9918393
737;397.1651158;319.7845729;309.9253902;474.9918393
738;397.1651158;319.7845729;309.9253902;474.9918393
739;380.0466635;277.3960316;291.9917927;426.0820019
740;380.0466635;277.3960316;291.9917927;426.0820019
741;380.0466635;277.3960316;291.9917927;426.0820019
742;380.0466635;277.3960316;291.9917927;426.0820019
743;418.5309815;342.0943314;304.9486011;434.8342773
744;418.5309815;342.0943314;304.9486011;434.8342773
745;418.5309815;342.0943314;304.9486011;434.8342773
746;418.5309815;342.0943314;304.9486011;434.8342773
747;467.4408188;426.871414;323.6973607;454.3981989
748;467.4408188;426.871414;323.6973607;454.3981989
749;467.4408188;426.871414;323.6973607;454.3981989
750;467.4408188;426.871414;323.6973607;454.3981989
751;479.1105362;470.1523457;334.9981028;453.2140587
752;479.1105362;470.1523457;334.9981028;453.2140587
753;479.1105362;470.1523457;334.9981028;453.2140587
754;479.1105362;470.1523457;334.9981028;453.2140587
755;413.8974253;427.7638044;330.9222928;409.19521
756;413.8974253;427.7638044;330.9222928;409.19521
757;413.8974253;427.7638044;330.9222928;409.19521
758;413.8974253;427.7638044;330.9222928;409.19521
759;348.6843144;385.3752631;326.8464827;365.1763614
760;348.6843144;385.3752631;326.8464827;365.1763614
761;348.6843144;385.3752631;326.8464827;365.1763614
762;348.6843144;385.3752631;326.8464827;365.1763614
763;359.4530592;370.7366339;332.6813401;383.264426
764;359.4530592;370.7366339;332.6813401;383.264426
765;359.4530592;370.7366339;332.6813401;383.264426
766;359.4530592;370.7366339;332.6813401;383.264426
767;387.9837963;362.5849971;340.8329769;415.8709898
768;387.9837963;362.5849971;340.8329769;415.8709898
769;387.9837963;362.5849971;340.8329769;415.8709898
770;387.9837963;362.5849971;340.8329769;415.8709898
771;411.2288365;361.6411234;348.9846186;436.4646054
772;411.2288365;361.6411234;348.9846186;436.4646054
773;411.2288365;361.6411234;348.9846186;436.4646054
774;411.2288365;361.6411234;348.9846186;436.4646054
775;421.8259593;377.9443969;357.1362721;428.3129519
776;421.8259593;377.9443969;357.1362721;428.3129519
777;421.8259593;377.9443969;357.1362721;428.3129519
778;421.8259593;377.9443969;357.1362721;428.3129519
779;432.4230821;394.2476705;365.2879255;420.1612985
780;432.4230821;394.2476705;365.2879255;420.1612985
781;432.4230821;394.2476705;365.2879255;420.1612985
782;432.4230821;394.2476705;365.2879255;420.1612985
783;443.0202179;411.8208936;384.8690214;471.6968344
784;443.0202179;411.8208936;384.8690214;471.6968344
785;443.0202179;411.8208936;384.8690214;471.6968344
786;443.0202179;411.8208936;384.8690214;471.6968344
787;453.6173574;429.7545079;407.6936078;540.1706267
788;453.6173574;429.7545079;407.6936078;540.1706267
789;453.6173574;429.7545079;407.6936078;540.1706267
790;453.6173574;429.7545079;407.6936078;540.1706267
791;469.3629017;445.1139176;411.4261935;576.8959205
792;469.3629017;445.1139176;411.4261935;576.8959205
793;469.3629017;445.1139176;411.4261935;576.8959205
794;469.3629017;445.1139176;411.4261935;576.8959205
795;499.5239795;453.2655544;361.7011774;524.7254184
796;499.5239795;453.2655544;361.7011774;524.7254184
797;499.5239795;453.2655544;361.7011774;524.7254184
798;499.5239795;453.2655544;361.7011774;524.7254184
799;529.6850573;461.4171911;311.9761613;472.5549163
800;529.6850573;461.4171911;311.9761613;472.5549163
801;529.6850573;461.4171911;311.9761613;472.5549163
802;529.6850573;461.4171911;311.9761613;472.5549163
803;542.1785212;474.4426636;307.3340194;486.181034
804;542.1785212;474.4426636;307.3340194;486.181034
805;542.1785212;474.4426636;307.3340194;486.181034
806;542.1785212;474.4426636;307.3340194;486.181034
807;548.699834;489.1156298;317.9311589;522.0482625
808;548.699834;489.1156298;317.9311589;522.0482625
809;548.699834;489.1156298;317.9311589;522.0482625
810;548.699834;489.1156298;317.9311589;522.0482625
811;541.2518055;514.3599796;324.1864727;537.5278022
812;541.2518055;514.3599796;324.1864727;537.5278022
813;541.2518055;514.3599796;324.1864727;537.5278022
814;541.2518055;514.3599796;324.1864727;537.5278022
815;487.4509627;574.6821017;316.0348192;485.3572834
816;487.4509627;574.6821017;316.0348192;485.3572834
817;487.4509627;574.6821017;316.0348192;485.3572834
818;487.4509627;574.6821017;316.0348192;485.3572834
819;433.6501198;635.0042239;307.8831657;433.1867646
820;433.6501198;635.0042239;307.8831657;433.1867646
821;433.6501198;635.0042239;307.8831657;433.1867646
822;433.6501198;635.0042239;307.8831657;433.1867646
823;452.2015439;646.3135622;325.9883932;441.6988011
824;452.2015439;646.3135622;325.9883932;441.6988011
825;452.2015439;646.3135622;325.9883932;441.6988011
826;452.2015439;646.3135622;325.9883932;441.6988011
827;499.481074;638.1619421;354.519147;474.3053816
828;499.481074;638.1619421;354.519147;474.3053816
829;499.481074;638.1619421;354.519147;474.3053816
830;499.481074;638.1619421;354.519147;474.3053816
831;532.0876478;626.4235925;376.528588;501.0427756
832;532.0876478;626.4235925;376.528588;501.0427756
833;532.0876478;626.4235925;376.528588;501.0427756
834;532.0876478;626.4235925;376.528588;501.0427756
835;506.0023967;600.3383247;372.4527779;504.3034236
836;506.0023967;600.3383247;372.4527779;504.3034236
837;506.0023967;600.3383247;372.4527779;504.3034236
838;506.0023967;600.3383247;372.4527779;504.3034236
839;479.9171457;574.253057;368.3769679;507.5640717
840;479.9171457;574.253057;368.3769679;507.5640717
841;479.9171457;574.253057;368.3769679;507.5640717
842;479.9171457;574.253057;368.3769679;507.5640717
843;434.868595;566.0156154;361.5124229;536.4809399
844;434.868595;566.0156154;361.5124229;536.4809399
845;434.868595;566.0156154;361.5124229;536.4809399
846;434.868595;566.0156154;361.5124229;536.4809399
847;381.0677522;566.0156321;353.3607694;577.2391405
848;381.0677522;566.0156321;353.3607694;577.2391405
849;381.0677522;566.0156321;353.3607694;577.2391405
850;381.0677522;566.0156321;353.3607694;577.2391405
851;349.782604;554.7577987;347.268481;598.2274694
852;349.782604;554.7577987;347.268481;598.2274694
853;349.782604;554.7577987;347.268481;598.2274694
854;349.782604;554.7577987;347.268481;598.2274694
855;429.6686979;487.9143304;351.3443078;521.602057
856;429.6686979;487.9143304;351.3443078;521.602057
857;429.6686979;487.9143304;351.3443078;521.602057
858;429.6686979;487.9143304;351.3443078;521.602057
859;509.5547917;421.0708621;355.4201345;444.9766445
860;509.5547917;421.0708621;355.4201345;444.9766445
861;509.5547917;421.0708621;355.4201345;444.9766445
862;509.5547917;421.0708621;355.4201345;444.9766445
863;528.2606682;409.555595;366.4119782;434.3194427
864;528.2606682;409.555595;366.4119782;434.3194427
865;528.2606682;409.555595;366.4119782;434.3194427
866;528.2606682;409.555595;366.4119782;434.3194427
867;514.4028807;427.4892093;381.0849278;458.7743531
868;514.4028807;427.4892093;381.0849278;458.7743531
869;514.4028807;427.4892093;381.0849278;458.7743531
870;514.4028807;427.4892093;381.0849278;458.7743531
871;496.1946885;449.6616774;390.2919878;478.7673149
872;496.1946885;449.6616774;390.2919878;478.7673149
873;496.1946885;449.6616774;390.2919878;478.7673149
874;496.1946885;449.6616774;390.2919878;478.7673149
875;450.5454825;498.5715315;365.0218988;470.6156781
876;450.5454825;498.5715315;365.0218988;470.6156781
877;450.5454825;498.5715315;365.0218988;470.6156781
878;450.5454825;498.5715315;365.0218988;470.6156781
879;404.8962765;547.4813855;339.7518097;462.4640413
880;404.8962765;547.4813855;339.7518097;462.4640413
881;404.8962765;547.4813855;339.7518097;462.4640413
882;404.8962765;547.4813855;339.7518097;462.4640413
883;411.8981111;587.2785449;324.1006531;451.2748431
884;411.8981111;587.2785449;324.1006531;451.2748431
885;411.8981111;587.2785449;324.1006531;451.2748431
886;411.8981111;587.2785449;324.1006531;451.2748431
887;451.0260043;621.515416;314.3186756;438.2322176
888;451.0260043;621.515416;314.3186756;438.2322176
889;451.0260043;621.515416;314.3186756;438.2322176
890;451.0260043;621.515416;314.3186756;438.2322176
891;556.139284;657.2968134;311.8302741;429.651542
892;556.139284;657.2968134;311.8302741;429.651542
893;556.139284;657.2968134;311.8302741;429.651542
894;556.139284;657.2968134;311.8302741;429.651542
895;1222.128348;706.2066842;371.3372676;458.9974411
896;1222.128348;706.2066842;371.3372676;458.9974411
897;1222.128348;706.2066842;371.3372676;458.9974411
898;1222.128348;706.2066842;371.3372676;458.9974411
899;1888.117411;755.116555;430.8442612;488.3433402
900;1888.117411;755.116555;430.8442612;488.3433402
901;1888.117411;755.116555;430.8442612;488.3433402
902;1888.117411;755.116555;430.8442612;488.3433402
903;1817.472711;785.7667278;447.1046469;485.9750779
904;1817.472711;785.7667278;447.1046469;485.9750779
905;1817.472711;785.7667278;447.1046469;485.9750779
906;1817.472711;785.7667278;447.1046469;485.9750779
907;1233.81521;803.7003254;433.2468594;461.5201676
908;1233.81521;803.7003254;433.2468594;461.5201676
909;1233.81521;803.7003254;433.2468594;461.5201676
910;1233.81521;803.7003254;433.2468594;461.5201676
911;690.2809453;866.4422071;427.7981324;436.4646091
912;690.2809453;866.4422071;427.7981324;436.4646091
913;690.2809453;866.4422071;427.7981324;436.4646091
914;690.2809453;866.4422071;427.7981324;436.4646091
915;651.1530687;1492.488232;528.0633099;403.8580453
916;651.1530687;1492.488232;528.0633099;403.8580453
917;651.1530687;1492.488232;528.0633099;403.8580453
918;651.1530687;1492.488232;528.0633099;403.8580453
919;612.0251922;2118.534257;628.3284873;371.2514815
920;612.0251922;2118.534257;628.3284873;371.2514815
921;612.0251922;2118.534257;628.3284873;371.2514815
922;612.0251922;2118.534257;628.3284873;371.2514815
923;600.6386404;2319.819722;607.1685408;395.037107
924;600.6386404;2319.819722;607.1685408;395.037107
925;600.6386404;2319.819722;607.1685408;395.037107
926;600.6386404;2319.819722;607.1685408;395.037107
927;611.2357799;2184.502478;489.7849111;463.5108827
928;611.2357799;2184.502478;489.7849111;463.5108827
929;611.2357799;2184.502478;489.7849111;463.5108827
930;611.2357799;2184.502478;489.7849111;463.5108827
931;654.6110964;2030.033168;376.8289094;526.2184457
932;654.6110964;2030.033168;376.8289094;526.2184457
933;654.6110964;2030.033168;376.8289094;526.2184457
934;654.6110964;2030.033168;376.8289094;526.2184457
935;1443.689941;1439.854372;364.6014459;457.74467
936;1443.689941;1439.854372;364.6014459;457.74467
937;1443.689941;1439.854372;364.6014459;457.74467
938;1443.689941;1439.854372;364.6014459;457.74467
939;2232.768785;849.6755753;352.3739824;389.2708944
940;2232.768785;849.6755753;352.3739824;389.2708944
941;2232.768785;849.6755753;352.3739824;389.2708944
942;2232.768785;849.6755753;352.3739824;389.2708944
943;2204.109333;604.439888;348.727198;365.4166183
944;2204.109333;604.439888;348.727198;365.4166183
945;2204.109333;604.439888;348.727198;365.4166183
946;2204.109333;604.439888;348.727198;365.4166183
947;1439.485416;669.6529989;352.8030247;381.7198918
948;1439.485416;669.6529989;352.8030247;381.7198918
949;1439.485416;669.6529989;352.8030247;381.7198918
950;1439.485416;669.6529989;352.8030247;381.7198918
951;688.9166442;736.5479225;356.964658;397.851552
952;688.9166442;736.5479225;356.964658;397.851552
953;688.9166442;736.5479225;356.964658;397.851552
954;688.9166442;736.5479225;356.964658;397.851552
955;1259.531502;961.5332378;369.1921048;397.851552
956;1259.531502;961.5332378;369.1921048;397.851552
957;1259.531502;961.5332378;369.1921048;397.851552
958;1259.531502;961.5332378;369.1921048;397.851552
959;1830.146361;1186.518553;381.4195516;397.851552
960;1830.146361;1186.518553;381.4195516;397.851552