Index;S1;S2;S3;S4
0;15.0;15.0;15.0;15.0
1;15.0;15.0;15.0;15.0
2;15.0;15.0;15.0;15.0
3;15.0;15.0;15.0;15.0
4;15.0;15.0;15.0;15.0
5;15.0;15.0;15.0;15.0
6;15.0;15.0;15.0;15.0
7;15.0;15.0;15.0;15.0
8;15.0;15.0;15.0;15.0
9;15.0;15.0;15.0;15.0
10;15.0;15.0;15.0;15.0
11;15.0;15.0;15.0;15.0
12;15.0;15.0;15.0;15.0
13;15.0;15.0;15.0;15.0
14;15.0;15.0;15.0;15.0
15;15.0;15.0;15.0;15.0
16;15.0;15.0;15.0;15.0
17;15.0;15.0;15.0;15.0
18;15.0;15.0;15.0;15.0
19;15.0;15.0;15.0;15.0
20;15.0;15.0;15.0;15.0
21;15.0;15.0;15.0;15.0
22;15.0;15.0;15.0;15.0
23;15.0;15.0;15.0;15.0
24;15.0;15.0;15.0;15.0
25;15.0;15.0;15.0;15.0
26;15.0;15.0;15.0;15.0
27;15.0;15.0;15.0;15.0
28;15.0;15.0;15.0;15.0
29;15.0;15.0;15.0;15.0
30;15.0;15.0;15.0;15.0
31;15.0;15.0;15.0;15.0
32;15.0;15.0;15.0;15.0
33;15.0;15.0;15.0;15.0
34;15.0;15.0;15.0;15.0
35;15.0;15.0;15.0;15.0
36;15.0;15.0;15.0;15.0
37;15.0;15.0;15.0;15.0
38;15.0;15.0;15.0;15.0
39;15.0;15.0;15.0;15.0
40;15.0;15.0;15.0;15.0
41;15.0;15.0;15.0;15.0
42;15.0;15.0;15.0;15.0
43;15.0;15.0;15.0;15.0
44;15.0;15.0;15.0;15.0
45;15.0;15.0;15.0;15.0
46;15.0;15.0;15.0;15.0
47;15.0;15.0;15.0;15.0
48;15.0;15.0;15.0;15.0
49;15.0;15.0;15.0;15.0
50;15.0;15.0;15.0;15.0
51;15.0;15.0;15.0;15.0
52;15.0;15.0;15.0;15.0
53;15.0;15.0;15.0;15.0
54;15.0;15.0;15.0;15.0
55;15.0;15.0;15.0;15.0
56;15.0;15.0;15.0;15.0
57;15.0;15.0;15.0;15.0
58;15.0;15.0;15.0;15.0
59;15.0;15.0;15.0;15.0
60;15.0;15.0;15.0;15.0
61;15.0;15.0;15.0;15.0
62;15.0;15.0;15.0;15.0
63;15.0;15.0;15.0;15.0
64;15.0;15.0;15.0;15.0
65;15.0;15.0;15.0;15.0
66;15.0;15.0;15.0;15.0
67;15.0;15.0;15.0;15.0
68;15.0;15.0;15.0;15.0
69;15.0;15.0;15.0;15.0
70;15.0;15.0;15.0;15.0
71;15.0;15.0;15.0;15.0
72;15.0;15.0;15.0;15.0
73;15.0;15.0;15.0;15.0
74;15.0;15.0;15.0;15.0
75;15.0;15.0;15.0;15.0
76;15.0;15.0;15.0;15.0
77;15.0;15.0;15.0;15.0
78;15.0;15.0;15.0;15.0
79;15.0;15.0;15.0;15.0
80;15.0;15.0;15.0;15.0
81;15.0;15.0;15.0;15.0
82;15.0;15.0;15.0;15.0
83;15.0;15.0;15.0;15.0
84;15.0;15.0;15.0;15.0
85;15.0;15.0;15.0;15.0
86;15.0;15.0;15.0;15.0
87;15.0;15.0;15.0;15.0
88;15.0;15.0;15.0;15.0
89;15.0;15.0;15.0;15.0
90;15.0;15.0;15.0;15.0
91;15.0;15.0;15.0;15.0
92;15.0;15.0;15.0;15.0
93;15.0;15.0;15.0;15.0
94;15.0;15.0;15.0;15.0
95;15.0;15.0;15.0;15.0
96;15.0;15.0;15.0;15.0
97;15.0;15.0;15.0;15.0
98;15.0;15.0;15.0;15.0
99;15.0;15.0;15.0;15.0
100;15.0;15.0;15.0;15.0
101;15.0;15.0;15.0;15.0
102;15.0;15.0;15.0;15.0
103;15.0;15.0;15.0;15.0
104;15.0;15.0;15.0;15.0
105;15.0;15.0;15.0;15.0
106;15.0;15.0;15.0;15.0
107;15.0;15.0;15.0;15.0
108;15.0;15.0;15.0;15.0
109;15.0;15.0;15.0;15.0
110;15.0;15.0;15.0;15.0
111;15.0;15.0;15.0;15.0
112;15.0;15.0;15.0;15.0
113;15.0;15.0;15.0;15.0
114;15.0;15.0;15.0;15.0
115;15.0;15.0;15.0;15.0
116;15.0;15.0;15.0;15.0
117;15.0;15.0;15.0;15.0
118;15.0;15.0;15.0;15.0
119;15.0;15.0;15.0;15.0
120;15.0;15.0;15.0;15.0
121;15.0;15.0;15.0;15.0
122;15.0;15.0;15.0;15.0
123;15.0;15.0;15.0;15.0
124;15.0;15.0;15.0;15.0
125;15.0;15.0;15.0;15.0
126;15.0;15.0;15.0;15.0
127;15.0;15.0;15.0;15.0
128;15.0;15.0;15.0;15.0
129;15.0;15.0;15.0;15.0
130;15.0;15.0;15.0;15.0
131;15.0;15.0;15.0;15.0
132;15.0;15.0;15.0;15.0
133;15.0;15.0;15.0;15.0
134;15.0;15.0;15.0;15.0
135;15.0;15.0;15.0;15.0
136;15.0;15.0;15.0;15.0
137;15.0;15.0;15.0;15.0
138;15.0;15.0;15.0;15.0
139;15.0;15.0;15.0;18.33333333333333
140;15.0;15.0;15.0;18.33333333333333
141;15.0;15.0;15.0;16.666666666666668
142;15.0;15.0;15.0;16.666666666666668
143;15.0;15.0;15.0;15.0
144;15.0;15.0;15.0;15.0
145;15.0;15.0;15.0;15.0
146;15.0;15.0;15.0;15.0
147;15.0;15.0;15.0;15.0
148;15.0;15.0;15.0;15.0
149;15.0;15.0;15.0;15.0
150;15.0;15.0;15.0;15.0
151;15.0;15.0;15.0;15.0
152;15.0;15.0;15.0;15.0
153;15.0;15.0;15.0;15.0
154;15.0;15.0;15.0;15.0
155;15.0;15.0;15.0;15.0
156;15.0;15.0;15.0;15.0
157;15.0;15.0;15.0;15.0
158;15.0;15.0;15.0;15.0
159;15.0;15.0;15.0;15.0
160;15.0;15.0;15.0;15.0
161;15.0;15.0;15.0;15.0
162;15.0;15.0;15.0;15.0
163;15.0;15.0;15.0;15.0
164;15.0;15.0;15.0;15.0
165;15.0;15.0;15.0;15.0
166;15.0;15.0;15.0;15.0
167;15.0;15.0;15.0;15.0
168;15.0;15.0;15.0;15.0
169;15.0;15.0;15.0;18.33333333333333
170;15.0;15.0;15.0;18.33333333333333
171;15.0;15.0;15.0;20.0
172;15.0;15.0;15.0;20.0
173;18.33333333333333;18.33333333333333;15.0;20.0
174;18.33333333333333;18.33333333333333;15.0;20.0
175;16.666666666666668;16.666666666666668;15.0;20.0
176;16.666666666666668;16.666666666666668;15.0;20.0
177;15.0;15.0;20.0;20.0
178;15.0;15.0;20.0;20.0
179;16.666666666666668;16.666666666666668;20.0;20.0
180;16.666666666666668;16.666666666666668;20.0;20.0
181;20.0;20.0;20.0;20.0
182;20.0;20.0;20.0;20.0
183;20.0;20.0;20.0;20.0
184;20.0;20.0;20.0;20.0
185;20.0;20.0;20.0;20.0
186;20.0;20.0;20.0;20.0
187;20.0;20.0;20.0;20.0
188;20.0;20.0;20.0;20.0
189;20.0;20.0;20.0;20.0
190;20.0;20.0;20.0;20.0
191;20.0;20.0;20.0;20.0
192;20.0;20.0;20.0;20.0
193;20.0;20.0;20.0;20.0
194;20.0;20.0;20.0;20.0
195;20.0;20.0;20.0;20.0
196;20.0;20.0;20.0;20.0
197;20.0;20.0;20.0;20.0
198;20.0;20.0;20.0;20.0
199;20.0;20.0;20.0;20.0
200;20.0;20.0;20.0;20.0
201;20.0;20.0;20.0;20.0
202;20.0;20.0;20.0;20.0
203;20.0;20.0;20.0;20.0
204;20.0;20.0;20.0;20.0
205;20.0;20.0;20.0;20.0
206;20.0;20.0;20.0;20.0
207;20.0;20.0;20.0;20.0
208;20.0;20.0;20.0;20.0
209;20.0;20.0;20.0;20.0
210;20.0;20.0;20.0;20.0
211;20.0;20.0;20.0;20.0
212;20.0;20.0;20.0;20.0
213;20.0;20.0;20.0;16.666666666666668
214;20.0;20.0;20.0;16.666666666666668
215;20.0;20.0;20.0;15.0
216;20.0;20.0;20.0;15.0
217;20.0;20.0;20.0;15.0
218;20.0;20.0;20.0;15.0
219;20.0;20.0;20.0;15.0
220;20.0;20.0;20.0;15.0
221;20.0;20.0;20.0;15.0
222;20.0;20.0;20.0;15.0
223;20.0;20.0;20.0;18.33333333333333
224;20.0;20.0;20.0;18.33333333333333
225;20.0;20.0;20.0;20.0
226;20.0;20.0;20.0;20.0
227;16.666666666666668;16.666666666666668;20.0;20.0
228;16.666666666666668;16.666666666666668;20.0;20.0
229;15.0;15.0;20.0;20.0
230;15.0;15.0;20.0;20.0
231;15.0;15.0;20.0;20.0
232;15.0;15.0;20.0;20.0
233;15.0;15.0;20.0;20.0
234;15.0;15.0;20.0;20.0
235;15.0;15.0;20.0;20.0
236;15.0;15.0;20.0;20.0
237;15.0;15.0;20.0;20.0
238;15.0;15.0;20.0;20.0
239;15.0;15.0;20.0;20.0
240;15.0;15.0;20.0;20.0
241;15.0;15.0;20.0;20.0
242;15.0;15.0;20.0;20.0
243;15.0;15.0;20.0;20.0
244;15.0;15.0;20.0;20.0
245;15.0;15.0;20.0;20.0
246;15.0;15.0;20.0;20.0
247;15.0;15.0;20.0;20.0
248;15.0;15.0;20.0;20.0
249;15.0;15.0;20.0;20.0
250;15.0;15.0;20.0;20.0
251;15.0;15.0;20.0;20.0
252;15.0;15.0;20.0;20.0
253;15.0;15.0;20.0;20.0
254;15.0;15.0;20.0;20.0
255;15.0;15.0;20.0;20.0
256;15.0;15.0;20.0;20.0
257;15.0;15.0;20.0;20.0
258;15.0;15.0;20.0;20.0
259;15.0;15.0;20.0;20.0
260;15.0;15.0;20.0;20.0
261;15.0;15.0;20.0;20.0
262;15.0;15.0;20.0;20.0
263;15.0;15.0;20.0;20.0
264;15.0;15.0;20.0;20.0
265;15.0;15.0;20.0;20.0
266;15.0;15.0;20.0;20.0
267;15.0;15.0;20.0;20.0
268;15.0;15.0;20.0;20.0
269;15.0;15.0;20.0;20.0
270;15.0;15.0;20.0;20.0
271;15.0;15.0;20.0;20.0
272;15.0;15.0;20.0;20.0
273;15.0;15.0;20.0;20.0
274;15.0;15.0;20.0;20.0
275;15.0;15.0;20.0;20.0
276;15.0;15.0;20.0;20.0
277;15.0;15.0;20.0;20.0
278;15.0;15.0;20.0;20.0
279;15.0;15.0;20.0;20.0
280;15.0;15.0;20.0;20.0
281;15.0;15.0;20.0;20.0
282;15.0;15.0;20.0;20.0
283;15.0;15.0;20.0;20.0
284;15.0;15.0;20.0;20.0
285;15.0;15.0;16.666666666666668;20.0
286;15.0;15.0;16.666666666666668;20.0
287;15.0;15.0;15.0;20.0
288;15.0;15.0;15.0;20.0
289;15.0;15.0;15.0;20.0
290;15.0;15.0;15.0;20.0
291;15.0;15.0;15.0;20.0
292;15.0;15.0;15.0;20.0
293;15.0;15.0;15.0;20.0
294;15.0;15.0;15.0;20.0
295;15.0;15.0;15.0;20.0
296;15.0;15.0;15.0;20.0
297;15.0;15.0;15.0;20.0
298;15.0;15.0;15.0;20.0
299;15.0;15.0;15.0;20.0
300;15.0;15.0;15.0;20.0
301;15.0;15.0;15.0;20.0
302;15.0;15.0;15.0;20.0
303;15.0;15.0;15.0;20.0
304;15.0;15.0;15.0;20.0
305;15.0;15.0;15.0;20.0
306;15.0;15.0;15.0;20.0
307;15.0;15.0;15.0;20.0
308;15.0;15.0;15.0;20.0
309;15.0;15.0;15.0;20.0
310;15.0;15.0;15.0;20.0
311;15.0;15.0;15.0;20.0
312;15.0;15.0;15.0;20.0
313;15.0;15.0;15.0;20.0
314;15.0;15.0;15.0;20.0
315;16.666666666666668;16.666666666666668;15.0;20.0
316;16.666666666666668;16.666666666666668;15.0;20.0
317;20.0;20.0;15.0;20.0
318;20.0;20.0;15.0;20.0
319;20.0;20.0;15.0;20.0
320;20.0;20.0;15.0;20.0
321;20.0;20.0;15.0;20.0
322;20.0;20.0;15.0;20.0
323;20.0;20.0;15.0;20.0
324;20.0;20.0;15.0;20.0
325;20.0;20.0;15.0;20.0
326;20.0;20.0;15.0;20.0
327;20.0;20.0;15.0;20.0
328;20.0;20.0;15.0;20.0
329;20.0;20.0;15.0;20.0
330;20.0;20.0;15.0;20.0
331;20.0;20.0;15.0;20.0
332;20.0;20.0;15.0;20.0
333;20.0;20.0;15.0;20.0
334;20.0;20.0;15.0;20.0
335;20.0;20.0;15.0;20.0
336;20.0;20.0;15.0;20.0
337;20.0;20.0;15.0;20.0
338;20.0;20.0;15.0;20.0
339;20.0;20.0;15.0;20.0
340;20.0;20.0;15.0;20.0
341;20.0;20.0;15.0;20.0
342;20.0;20.0;15.0;20.0
343;20.0;20.0;15.0;20.0
344;20.0;20.0;15.0;20.0
345;20.0;20.0;15.0;20.0
346;20.0;20.0;15.0;20.0
347;20.0;20.0;15.0;20.0
348;20.0;20.0;15.0;20.0
349;20.0;20.0;15.0;20.0
350;20.0;20.0;15.0;20.0
351;20.0;20.0;15.0;20.0
352;20.0;20.0;15.0;20.0
353;20.0;20.0;15.0;20.0
354;20.0;20.0;15.0;20.0
355;20.0;20.0;15.0;20.0
356;20.0;20.0;15.0;20.0
357;20.0;20.0;15.0;20.0
358;20.0;20.0;15.0;20.0
359;20.0;20.0;15.0;20.0
360;20.0;20.0;15.0;20.0
361;20.0;20.0;15.0;20.0
362;20.0;20.0;15.0;20.0
363;20.0;20.0;15.0;20.0
364;20.0;20.0;15.0;20.0
365;20.0;20.0;15.0;20.0
366;20.0;20.0;15.0;20.0
367;20.0;20.0;15.0;20.0
368;20.0;20.0;15.0;20.0
369;20.0;20.0;15.0;20.0
370;20.0;20.0;15.0;20.0
371;20.0;20.0;18.33333333333333;20.0
372;20.0;20.0;18.33333333333333;20.0
373;20.0;20.0;20.0;20.0
374;20.0;20.0;20.0;20.0
375;20.0;20.0;20.0;20.0
376;20.0;20.0;20.0;20.0
377;20.0;20.0;20.0;20.0
378;20.0;20.0;20.0;20.0
379;20.0;20.0;20.0;20.0
380;20.0;20.0;20.0;20.0
381;20.0;20.0;20.0;20.0
382;20.0;20.0;20.0;20.0
383;20.0;20.0;20.0;20.0
384;20.0;20.0;20.0;20.0
385;20.0;20.0;20.0;20.0
386;20.0;20.0;20.0;20.0
387;20.0;20.0;20.0;20.0
388;20.0;20.0;20.0;20.0
389;20.0;20.0;20.0;20.0
390;20.0;20.0;20.0;20.0
391;20.0;20.0;20.0;20.0
392;20.0;20.0;20.0;20.0
393;20.0;20.0;20.0;20.0
394;20.0;20.0;20.0;20.0
395;20.0;20.0;20.0;20.0
396;20.0;20.0;20.0;20.0
397;20.0;20.0;20.0;20.0
398;20.0;20.0;20.0;20.0
399;20.0;20.0;20.0;20.0
400;20.0;20.0;20.0;20.0
401;20.0;20.0;20.0;20.0
402;20.0;20.0;20.0;20.0
403;20.0;20.0;20.0;20.0
404;20.0;20.0;20.0;20.0
405;20.0;20.0;20.0;20.0
406;20.0;20.0;20.0;20.0
407;20.0;20.0;20.0;20.0
408;20.0;20.0;20.0;20.0
409;20.0;20.0;20.0;20.0
410;20.0;20.0;20.0;20.0
411;20.0;20.0;20.0;20.0
412;20.0;20.0;20.0;20.0
413;20.0;20.0;20.0;20.0
414;20.0;20.0;20.0;20.0
415;20.0;20.0;20.0;20.0
416;20.0;20.0;20.0;20.0
417;20.0;20.0;20.0;20.0
418;20.0;20.0;20.0;20.0
419;20.0;20.0;20.0;20.0
420;20.0;20.0;20.0;20.0
421;20.0;20.0;20.0;20.0
422;20.0;20.0;20.0;20.0
423;20.0;20.0;20.0;20.0
424;20.0;20.0;20.0;20.0
425;20.0;20.0;20.0;20.0
426;20.0;20.0;20.0;20.0
427;20.0;20.0;20.0;20.0
428;20.0;20.0;20.0;20.0
429;20.0;20.0;20.0;20.0
430;20.0;20.0;20.0;20.0
431;20.0;20.0;20.0;20.0
432;20.0;20.0;20.0;20.0
433;20.0;20.0;20.0;20.0
434;20.0;20.0;20.0;20.0
435;20.0;20.0;20.0;20.0
436;20.0;20.0;20.0;20.0
437;20.0;20.0;20.0;20.0
438;20.0;20.0;20.0;20.0
439;20.0;20.0;20.0;20.0
440;20.0;20.0;20.0;20.0
441;20.0;20.0;20.0;20.0
442;20.0;20.0;20.0;20.0
443;20.0;20.0;20.0;20.0
444;20.0;20.0;20.0;20.0
445;20.0;20.0;20.0;19.666666666666668
446;20.0;20.0;20.0;19.666666666666668
447;20.0;20.0;20.0;19.5
448;20.0;20.0;20.0;19.5
449;20.0;20.0;20.0;19.5
450;20.0;20.0;20.0;19.5
451;20.0;20.0;20.0;19.5
452;20.0;20.0;20.0;19.5
453;20.0;20.0;20.0;19.5
454;20.0;20.0;20.0;19.5
455;20.0;20.0;20.0;19.5
456;20.0;20.0;20.0;19.5
457;20.0;20.0;20.0;19.5
458;20.0;20.0;20.0;19.5
459;20.0;20.0;20.0;19.83333333333333
460;20.0;20.0;20.0;19.83333333333333
461;20.0;20.0;20.0;20.0
462;20.0;20.0;20.0;20.0
463;20.0;20.0;20.0;20.0
464;20.0;20.0;20.0;20.0
465;20.0;20.0;20.0;20.0
466;20.0;20.0;20.0;20.0
467;20.0;20.0;20.0;20.0
468;20.0;20.0;20.0;20.0
469;20.0;20.0;20.0;20.0
470;20.0;20.0;20.0;20.0
471;20.0;20.0;20.0;20.0
472;20.0;20.0;20.0;20.0
473;20.0;20.0;20.0;20.0
474;20.0;20.0;20.0;20.0
475;20.0;20.0;20.0;20.0
476;20.0;20.0;20.0;20.0
477;20.0;20.0;20.0;20.0
478;20.0;20.0;20.0;20.0
479;20.0;20.0;20.0;20.0
480;20.0;20.0;20.0;20.0
481;20.0;20.0;20.0;20.0
482;20.0;20.0;20.0;20.0
483;20.0;20.0;20.0;20.0
484;20.0;20.0;20.0;20.0
485;20.0;20.0;20.0;20.0
486;20.0;20.0;20.0;20.0
487;20.0;20.0;20.0;20.0
488;20.0;20.0;20.0;20.0
489;20.0;20.0;20.0;20.0
490;20.0;20.0;20.0;20.0
491;20.0;20.0;20.0;20.0
492;20.0;20.0;20.0;20.0
493;20.0;20.0;20.0;20.0
494;20.0;20.0;20.0;20.0
495;20.0;20.0;20.0;20.0
496;20.0;20.0;20.0;20.0
497;20.0;20.0;20.0;20.0
498;20.0;20.0;20.0;20.0
499;20.0;20.0;20.0;20.0
500;20.0;20.0;20.0;20.0
501;20.0;20.0;20.0;20.0
502;20.0;20.0;20.0;20.0
503;20.0;20.0;20.0;20.0
504;20.0;20.0;20.0;20.0
505;20.0;20.0;20.0;20.0
506;20.0;20.0;20.0;20.0
507;20.0;20.0;20.0;20.0
508;20.0;20.0;20.0;20.0
509;20.0;20.0;20.0;20.0
510;20.0;20.0;20.0;20.0
511;18.33333333333333;18.33333333333333;20.0;20.0
512;18.33333333333333;18.33333333333333;20.0;20.0
513;15.0;15.0;20.0;20.0
514;15.0;15.0;20.0;20.0
515;15.0;15.0;20.0;20.0
516;15.0;15.0;20.0;20.0
517;15.0;15.0;20.0;20.0
518;15.0;15.0;20.0;20.0
519;15.0;15.0;20.0;20.0
520;15.0;15.0;20.0;20.0
521;15.0;15.0;20.0;20.0
522;15.0;15.0;20.0;20.0
523;18.33333333333333;18.33333333333333;20.0;20.0
524;18.33333333333333;18.33333333333333;20.0;20.0
525;20.0;20.0;20.0;20.0
526;20.0;20.0;20.0;20.0
527;20.0;20.0;20.0;20.0
528;20.0;20.0;20.0;20.0
529;20.0;20.0;20.0;20.0
530;20.0;20.0;20.0;20.0
531;20.0;20.0;20.0;20.0
532;20.0;20.0;20.0;20.0
533;20.0;20.0;20.0;20.0
534;20.0;20.0;20.0;20.0
535;20.0;20.0;20.0;20.0
536;20.0;20.0;20.0;20.0
537;20.0;20.0;20.0;20.0
538;20.0;20.0;20.0;20.0
539;20.0;20.0;20.0;20.0
540;20.0;20.0;20.0;20.0
541;20.0;20.0;20.0;20.0
542;20.0;20.0;20.0;20.0
543;20.0;20.0;20.0;20.0
544;20.0;20.0;20.0;20.0
545;20.0;20.0;20.0;20.0
546;20.0;20.0;20.0;20.0
547;20.0;20.0;20.0;20.0
548;20.0;20.0;20.0;20.0
549;20.0;20.0;20.0;20.0
550;20.0;20.0;20.0;20.0
551;20.0;20.0;20.0;20.0
552;20.0;20.0;20.0;20.0
553;20.0;20.0;20.0;20.0
554;20.0;20.0;20.0;20.0
555;20.0;20.0;20.0;20.0
556;20.0;20.0;20.0;20.0
557;20.0;20.0;20.0;20.0
558;20.0;20.0;20.0;20.0
559;20.0;20.0;20.0;20.0
560;20.0;20.0;20.0;20.0
561;20.0;20.0;20.0;20.0
562;20.0;20.0;20.0;20.0
563;20.0;20.0;20.0;20.0
564;20.0;20.0;20.0;20.0
565;20.0;20.0;20.0;20.0
566;20.0;20.0;20.0;20.0
567;20.0;20.0;20.0;20.0
568;20.0;20.0;20.0;20.0
569;20.0;20.0;20.0;20.0
570;20.0;20.0;20.0;20.0
571;20.0;20.0;20.0;20.0
572;20.0;20.0;20.0;20.0
573;20.0;20.0;20.0;20.0
574;20.0;20.0;20.0;20.0
575;20.0;20.0;20.0;20.0
576;20.0;20.0;20.0;20.0
577;20.0;20.0;20.0;20.0
578;20.0;20.0;20.0;20.0
579;20.0;20.0;20.0;20.0
580;20.0;20.0;20.0;20.0
581;20.0;20.0;20.0;20.0
582;20.0;20.0;20.0;20.0
583;20.0;20.0;20.0;20.0
584;20.0;20.0;20.0;20.0
585;20.0;20.0;20.0;20.0
586;20.0;20.0;20.0;20.0
587;20.0;20.0;20.0;20.0
588;20.0;20.0;20.0;20.0
589;20.0;20.0;20.0;20.0
590;20.0;20.0;20.0;20.0
591;20.0;20.0;20.0;20.0
592;20.0;20.0;20.0;20.0
593;19.83333333333333;19.83333333333333;20.0;20.0
594;19.83333333333333;19.83333333333333;20.0;20.0
595;19.5;19.5;20.0;20.0
596;19.5;19.5;20.0;20.0
597;19.5;19.5;20.0;20.0
598;19.5;19.5;20.0;20.0
599;19.5;19.5;20.0;20.0
600;19.5;19.5;20.0;20.0
601;19.5;19.5;20.0;20.0
602;19.5;19.5;20.0;20.0
603;19.5;19.5;20.0;20.0
604;19.5;19.5;20.0;20.0
605;19.5;19.5;20.0;20.0
606;19.5;19.5;20.0;20.0
607;19.666666666666668;19.666666666666668;20.0;20.0
608;19.666666666666668;19.666666666666668;20.0;20.0
609;20.0;20.0;20.0;20.0
610;20.0;20.0;20.0;20.0
611;20.0;20.0;20.0;20.0
612;20.0;20.0;20.0;20.0
613;20.0;20.0;20.0;20.0
614;20.0;20.0;20.0;20.0
615;20.0;20.0;20.0;20.0
616;20.0;20.0;20.0;20.0
617;19.83333333333333;19.83333333333333;20.0;20.0
618;19.83333333333333;19.83333333333333;20.0;20.0
619;19.5;19.5;20.0;20.0
620;19.5;19.5;20.0;20.0
621;19.5;19.5;20.0;20.0
622;19.5;19.5;20.0;20.0
623;19.5;19.5;20.0;19.666666666666668
624;19.5;19.5;20.0;19.666666666666668
625;19.666666666666668;19.666666666666668;20.0;19.83333333333333
626;19.666666666666668;19.666666666666668;20.0;19.83333333333333
627;20.0;20.0;20.0;20.0
628;20.0;20.0;20.0;20.0
629;20.0;20.0;20.0;20.0
630;20.0;20.0;20.0;20.0
631;20.0;20.0;20.0;20.0
632;20.0;20.0;20.0;20.0
633;20.0;20.0;20.0;20.0
634;20.0;20.0;20.0;20.0
635;20.0;20.0;20.0;20.0
636;20.0;20.0;20.0;20.0
637;20.0;20.0;20.0;20.0
638;20.0;20.0;20.0;20.0
639;20.0;20.0;20.0;20.0
640;20.0;20.0;20.0;20.0
641;20.0;20.0;20.0;20.0
642;20.0;20.0;20.0;20.0
643;20.0;20.0;20.0;20.0
644;20.0;20.0;20.0;20.0
645;20.0;20.0;20.0;20.0
646;20.0;20.0;20.0;20.0
647;20.0;20.0;20.0;20.0
648;20.0;20.0;20.0;20.0
649;20.0;20.0;20.0;20.0
650;20.0;20.0;20.0;20.0
651;20.0;20.0;20.0;20.0
652;20.0;20.0;20.0;20.0
653;20.0;20.0;20.0;20.0
654;20.0;20.0;20.0;20.0
655;20.0;20.0;20.0;20.0
656;20.0;20.0;20.0;20.0
657;20.0;20.0;20.0;20.0
658;20.0;20.0;20.0;20.0
659;20.0;20.0;20.0;20.0
660;20.0;20.0;20.0;20.0
661;20.0;20.0;20.0;20.0
662;20.0;20.0;20.0;20.0
663;20.0;20.0;20.0;20.0
664;20.0;20.0;20.0;20.0
665;20.0;20.0;20.0;20.0
666;20.0;20.0;20.0;20.0
667;20.0;20.0;20.0;20.0
668;20.0;20.0;20.0;20.0
669;20.0;20.0;20.0;20.0
670;20.0;20.0;20.0;20.0
671;20.0;20.0;20.0;20.0
672;20.0;20.0;20.0;20.0
673;20.0;20.0;20.0;20.0
674;20.0;20.0;20.0;20.0
675;20.0;20.0;20.0;20.0
676;20.0;20.0;20.0;20.0
677;20.0;20.0;20.0;20.0
678;20.0;20.0;20.0;20.0
679;20.0;20.0;20.0;20.0
680;20.0;20.0;20.0;20.0
681;20.0;20.0;20.0;20.0
682;20.0;20.0;20.0;20.0
683;20.0;20.0;20.0;20.0
684;20.0;20.0;20.0;20.0
685;20.0;20.0;20.0;20.0
686;20.0;20.0;20.0;20.0
687;20.0;20.0;20.0;20.0
688;20.0;20.0;20.0;20.0
689;20.0;20.0;20.0;20.0
690;20.0;20.0;20.0;20.0
691;20.0;20.0;20.0;20.0
692;20.0;20.0;20.0;20.0
693;20.0;20.0;20.0;20.0
694;20.0;20.0;20.0;20.0
695;20.0;20.0;20.0;20.0
696;20.0;20.0;20.0;20.0
697;20.0;20.0;20.0;20.0
698;20.0;20.0;20.0;20.0
699;20.0;20.0;20.0;20.0
700;20.0;20.0;20.0;20.0
701;20.0;20.0;20.0;20.0
702;20.0;20.0;20.0;20.0
703;20.0;20.0;20.0;20.0
704;20.0;20.0;20.0;20.0
705;20.0;20.0;20.0;20.0
706;20.0;20.0;20.0;20.0
707;20.0;20.0;20.0;20.0
708;20.0;20.0;20.0;20.0
709;20.0;20.0;20.0;20.0
710;20.0;20.0;20.0;20.0
711;20.0;20.0;20.0;20.0
712;20.0;20.0;20.0;20.0
713;20.0;20.0;20.0;20.0
714;20.0;20.0;20.0;20.0
715;20.0;20.0;20.0;20.0
716;20.0;20.0;20.0;20.0
717;20.0;20.0;20.0;20.0
718;20.0;20.0;20.0;20.0
719;20.0;20.0;20.0;20.0
720;20.0;20.0;20.0;20.0
721;20.0;20.0;20.0;20.0
722;20.0;20.0;20.0;20.0
723;20.0;20.0;20.0;20.0
724;20.0;20.0;20.0;20.0
725;20.0;20.0;19.5;20.0
726;20.0;20.0;19.5;20.0
727;20.0;20.0;19.5;20.0
728;20.0;20.0;19.5;20.0
729;20.0;20.0;19.5;20.0
730;20.0;20.0;19.5;20.0
731;20.0;20.0;20.0;20.0
732;20.0;20.0;20.0;20.0
733;20.0;20.0;20.0;20.0
734;20.0;20.0;20.0;20.0
735;20.0;20.0;20.0;20.0
736;20.0;20.0;20.0;20.0
737;20.0;20.0;20.0;20.0
738;20.0;20.0;20.0;20.0
739;20.0;20.0;20.0;20.0
740;20.0;20.0;20.0;20.0
741;20.0;20.0;20.0;20.0
742;20.0;20.0;20.0;20.0
743;19.83333333333333;19.83333333333333;20.0;20.0
744;19.83333333333333;19.83333333333333;20.0;20.0
745;19.5;19.5;20.0;20.0
746;19.5;19.5;20.0;20.0
747;19.5;19.5;20.0;20.0
748;19.5;19.5;20.0;20.0
749;19.5;19.5;20.0;20.0
750;19.5;19.5;20.0;20.0
751;19.5;19.5;20.0;20.0
752;19.5;19.5;20.0;20.0
753;19.5;19.5;20.0;20.0
754;19.5;19.5;20.0;20.0
755;19.666666666666668;19.666666666666668;20.0;20.0
756;19.666666666666668;19.666666666666668;20.0;20.0
757;20.0;20.0;20.0;20.0
758;20.0;20.0;20.0;20.0
759;20.0;20.0;20.0;20.0
760;20.0;20.0;20.0;20.0
761;20.0;20.0;20.0;20.0
762;20.0;20.0;20.0;20.0
763;20.0;20.0;20.0;20.0
764;20.0;20.0;20.0;20.0
765;20.0;20.0;20.0;20.0
766;20.0;20.0;20.0;20.0
767;20.0;20.0;20.0;20.0
768;20.0;20.0;20.0;20.0
769;20.0;20.0;20.0;20.0
770;20.0;20.0;20.0;20.0
771;20.0;20.0;20.0;20.0
772;20.0;20.0;20.0;20.0
773;20.0;20.0;20.0;20.0
774;20.0;20.0;20.0;20.0
775;20.0;20.0;20.0;20.0
776;20.0;20.0;20.0;20.0
777;20.0;20.0;20.0;20.0
778;20.0;20.0;20.0;20.0
779;20.0;20.0;20.0;20.0
780;20.0;20.0;20.0;20.0
781;20.0;20.0;20.0;20.0
782;20.0;20.0;20.0;20.0
783;20.0;20.0;20.0;20.0
784;20.0;20.0;20.0;20.0
785;20.0;20.0;20.0;20.0
786;20.0;20.0;20.0;20.0
787;20.0;20.0;20.0;20.0
788;20.0;20.0;20.0;20.0
789;20.0;20.0;20.0;20.0
790;20.0;20.0;20.0;20.0
791;20.0;20.0;20.0;20.0
792;20.0;20.0;20.0;20.0
793;20.0;20.0;20.0;20.0
794;20.0;20.0;20.0;20.0
795;20.0;20.0;20.0;20.0
796;20.0;20.0;20.0;20.0
797;20.0;20.0;20.0;20.0
798;20.0;20.0;20.0;20.0
799;20.0;20.0;20.0;20.0
800;20.0;20.0;20.0;20.0
801;20.0;20.0;20.0;20.0
802;20.0;20.0;20.0;20.0
803;20.0;20.0;20.0;20.0
804;20.0;20.0;20.0;20.0
805;20.0;20.0;20.0;20.0
806;20.0;20.0;20.0;20.0
807;20.0;20.0;20.0;20.0
808;20.0;20.0;20.0;20.0
809;20.0;20.0;20.0;20.0
810;20.0;20.0;20.0;20.0
811;20.0;20.0;20.0;20.0
812;20.0;20.0;20.0;20.0
813;18.33333333333333;18.33333333333333;20.0;20.0
814;18.33333333333333;18.33333333333333;20.0;20.0
815;15.0;15.0;20.0;20.0
816;15.0;15.0;20.0;20.0
817;15.0;15.0;20.0;20.0
818;15.0;15.0;20.0;20.0
819;15.0;15.0;20.0;20.0
820;15.0;15.0;20.0;20.0
821;15.0;15.0;20.0;20.0
822;15.0;15.0;20.0;20.0
823;16.666666666666668;16.666666666666668;20.0;20.0
824;16.666666666666668;16.666666666666668;20.0;20.0
825;20.0;20.0;20.0;20.0
826;20.0;20.0;20.0;20.0
827;20.0;20.0;20.0;20.0
828;20.0;20.0;20.0;20.0
829;20.0;20.0;20.0;20.0
830;20.0;20.0;20.0;20.0
831;20.0;20.0;20.0;20.0
832;20.0;20.0;20.0;20.0
833;20.0;20.0;20.0;20.0
834;20.0;20.0;20.0;20.0
835;20.0;20.0;20.0;20.0
836;20.0;20.0;20.0;20.0
837;20.0;20.0;20.0;20.0
838;20.0;20.0;20.0;20.0
839;20.0;20.0;20.0;20.0
840;20.0;20.0;20.0;20.0
841;20.0;20.0;20.0;20.0
842;20.0;20.0;20.0;20.0
843;20.0;20.0;20.0;20.0
844;20.0;20.0;20.0;20.0
845;20.0;20.0;20.0;20.0
846;20.0;20.0;20.0;20.0
847;20.0;20.0;15.0;16.666666666666668
848;20.0;20.0;15.0;16.666666666666668
849;20.0;20.0;15.0;15.0
850;20.0;20.0;15.0;15.0
851;20.0;20.0;15.0;15.0
852;20.0;20.0;15.0;15.0
853;18.33333333333333;18.33333333333333;15.0;15.0
854;18.33333333333333;18.33333333333333;15.0;15.0
855;15.0;15.0;15.0;15.0
856;15.0;15.0;15.0;15.0
857;15.0;15.0;15.0;15.0
858;15.0;15.0;15.0;15.0
859;15.0;15.0;15.0;15.0
860;15.0;15.0;15.0;15.0
861;15.0;15.0;15.0;15.0
862;15.0;15.0;15.0;15.0
863;15.0;15.0;15.0;18.33333333333333
864;15.0;15.0;15.0;18.33333333333333
865;15.0;15.0;15.0;20.0
866;15.0;15.0;15.0;20.0
867;15.0;15.0;15.0;20.0
868;15.0;15.0;15.0;20.0
869;15.0;15.0;15.0;20.0
870;15.0;15.0;15.0;20.0
871;15.0;15.0;15.0;20.0
872;15.0;15.0;15.0;20.0
873;15.0;15.0;15.0;20.0
874;15.0;15.0;15.0;20.0
875;15.0;15.0;15.0;20.0
876;15.0;15.0;15.0;20.0
877;15.0;15.0;15.0;20.0
878;15.0;15.0;15.0;20.0
879;15.0;15.0;15.0;20.0
880;15.0;15.0;15.0;20.0
881;15.0;15.0;15.0;20.0
882;15.0;15.0;15.0;20.0
883;15.0;15.0;15.0;20.0
884;15.0;15.0;15.0;20.0
885;15.0;15.0;15.0;20.0
886;15.0;15.0;15.0;20.0
887;15.0;15.0;15.0;20.0
888;15.0;15.0;15.0;20.0
889;15.0;15.0;15.0;20.0
890;15.0;15.0;15.0;20.0
891;15.0;15.0;15.0;16.666666666666668
892;15.0;15.0;15.0;16.666666666666668
893;15.0;15.0;15.0;15.0
894;15.0;15.0;15.0;15.0
895;15.0;15.0;15.0;15.0
896;15.0;15.0;15.0;15.0
897;15.0;15.0;15.0;15.0
898;15.0;15.0;15.0;15.0
899;15.0;15.0;15.0;15.0
900;15.0;15.0;15.0;15.0
901;15.0;15.0;15.0;15.0
902;15.0;15.0;15.0;15.0
903;15.0;15.0;15.0;15.0
904;15.0;15.0;15.0;15.0
905;15.0;15.0;15.0;15.0
906;15.0;15.0;15.0;15.0
907;15.0;15.0;15.0;15.0
908;15.0;15.0;15.0;15.0
909;15.0;15.0;15.0;15.0
910;15.0;15.0;15.0;15.0
911;15.0;15.0;15.0;15.0
912;15.0;15.0;15.0;15.0
913;15.0;15.0;15.0;15.0
914;15.0;15.0;15.0;15.0
915;15.0;15.0;15.0;15.0
916;15.0;15.0;15.0;15.0
917;15.0;15.0;15.0;15.0
918;15.0;15.0;15.0;15.0
919;15.0;15.0;15.0;15.0
920;15.0;15.0;15.0;15.0
921;15.0;15.0;15.0;15.0
922;15.0;15.0;15.0;15.0
923;15.0;15.0;15.0;15.0
924;15.0;15.0;15.0;15.0
925;15.0;15.0;15.0;15.0
926;15.0;15.0;15.0;15.0
927;15.0;15.0;15.0;15.0
928;15.0;15.0;15.0;15.0
929;15.0;15.0;15.0;15.0
930;15.0;15.0;15.0;15.0
931;15.0;15.0;15.0;15.0
932;15.0;15.0;15.0;15.0
933;15.0;15.0;15.0;15.0
934;15.0;15.0;15.0;15.0
935;15.0;15.0;15.0;15.0
936;15.0;15.0;15.0;15.0
937;15.0;15.0;15.0;15.0
938;15.0;15.0;15.0;15.0
939;15.0;15.0;15.0;15.0
940;15.0;15.0;15.0;15.0
941;15.0;15.0;15.0;15.0
942;15.0;15.0;15.0;15.0
943;15.0;15.0;15.0;15.0
944;15.0;15.0;15.0;15.0
945;15.0;15.0;15.0;15.0
946;15.0;15.0;15.0;15.0
947;15.0;15.0;15.0;15.0
948;15.0;15.0;15.0;15.0
949;15.0;15.0;15.0;15.0
950;15.0;15.0;15.0;15.0
951;15.0;15.0;15.0;15.0
952;15.0;15.0;15.0;15.0
953;15.0;15.0;15.0;15.0
954;15.0;15.0;15.0;15.0
955;15.0;15.0;15.0;15.0
956;15.0;15.0;15.0;15.0
957;15.0;15.0;15.0;15.0
958;15.0;15.0;15.0;15.0
959;15.0;15.0;15.0;15.0
960;15.0;15.0;15.0;15.0
